{"cameraMode":{"drawMode":0,"name":"Shaded","section":"Shading Mode"},"sceneLighting":true,"audioPlay":false,"sceneViewState":{"m_AlwaysRefresh":false,"showFog":true,"showSkybox":true,"showFlares":true,"showImageEffects":true,"showParticleSystems":true,"showVisualEffectGraphs":true,"m_FxEnabled":true},"in2DMode":false,"pivot":{"x":0.30606377124786379,"y":0.964948296546936,"z":-4.117617130279541},"rotation":{"x":0.05396769195795059,"y":0.01497750822454691,"z":-0.0008095760713331401,"w":0.9984298348426819},"size":1.2247377634048463,"orthographic":false}